id,nombre,apellido,email,ciudad
1,Silva,Blackwood,sblackwood0@csmonitor.com,Hechun
2,Pauly,Byfford,pbyfford1@hostgator.com,Lazurne
3,Penny,Jaskiewicz,pjaskiewicz2@scribd.com,Baiguan
4,Daren,Maple,dmaple3@chron.com,Savelugu
5,Hanan,Nodes,hnodes4@utexas.edu,Maroa
6,Harbert,Calafato,hcalafato5@ebay.com,Phúc Yên
7,Launce,Arundell,larundell6@yellowbook.com,Växjö
8,Lanna,Kosiada,lkosiada7@w3.org,Tamandaré
9,Leontine,Kildea,lkildea8@elegantthemes.com,Franca
10,Gib,Perutto,gperutto9@cyberchimps.com,Podol’sk